timestamp,emg1,emg2,emg3,emg4,emg5,emg6,emg7,emg8
1508965440888730,-7,-16,-12,0,-2,-2,-3,-9
1508965440888730,1,5,-2,-3,-3,-2,-1,7
1508965440897755,0,1,-1,0,-1,-2,0,0
1508965440897755,0,3,7,-2,-2,-1,-1,-1
1508965440897755,2,-4,-27,0,-1,0,-1,-1
1508965440897755,2,1,6,-2,-2,-1,-3,-2
1508965440898758,-1,-6,-4,-4,-3,-1,-1,-1
1508965440898758,-1,3,-6,-1,-3,-1,-1,-1
1508965440902768,3,3,8,3,2,2,3,5
1508965440902768,-5,-4,-10,2,2,-2,-1,-5
1508965440916834,2,16,8,2,0,1,-1,0
1508965440916834,-9,-18,-10,-5,-4,-4,-5,-5
1508965440924826,-3,-14,-2,-2,-2,-1,-3,-1
1508965440924826,0,-1,-11,0,-2,-1,0,-1
1508965440930873,-1,2,6,1,1,-1,-1,-3
1508965440930873,4,14,5,1,1,0,2,4
1508965440945909,5,9,6,0,0,1,1,0
1508965440945909,-5,-9,1,-4,-5,-2,-2,-2
1508965440962927,-2,-4,-2,-1,2,0,-1,0
1508965440962927,1,-1,-3,0,-1,-2,-1,-2
1508965440963930,-4,-8,1,-3,-2,-3,-2,-1
1508965440963930,1,7,11,0,2,2,2,-2
1508965441010054,1,-9,-5,-2,-1,1,-1,0
1508965441010054,-6,-17,-6,-2,0,-1,-2,-3
1508965441011057,-2,2,-5,-3,-2,0,-4,-2
1508965441011057,1,7,3,-1,0,-1,-1,-1
1508965441014120,0,-3,-1,-1,-5,0,1,-2
1508965441014120,6,9,2,4,-1,-1,2,7
1508965441015068,-5,-5,6,4,3,1,0,-1
1508965441015068,1,10,-1,1,3,0,-1,1
1508965441022088,2,-4,-3,1,3,-1,-1,0
1508965441022088,-7,-17,1,-9,-5,-1,-5,-4
1508965441028269,3,8,15,-4,-11,-2,-2,0
1508965441028269,-3,-7,-16,-3,-1,-2,-2,-2
1508965441037323,1,7,0,-1,-1,1,1,0
1508965441037323,-2,6,1,-3,-2,-4,-3,-1
1508965441051389,2,-10,-6,3,5,-1,0,-1
1508965441051389,3,6,8,3,-5,1,1,3
1508965441060386,-4,-4,-7,-5,-7,-6,-2,-2
1508965441060386,-2,-3,3,11,11,8,3,0
1508965441082489,1,8,1,-3,-9,-3,-2,-2
1508965441082489,0,-2,8,-3,-1,-3,-3,-1
1508965441083447,-1,7,-15,-12,16,-2,-2,-1
1508965441083447,0,-9,-1,-13,-24,-6,-2,0
1508965441096507,4,17,4,18,-16,6,2,1
1508965441096507,-1,-1,11,12,16,-3,-1,0
1508965441103548,-11,-60,-14,7,23,7,-2,-5
1508965441103548,-7,16,2,-12,-9,-1,-3,-6
1508965441119584,4,4,-6,-17,6,1,0,10
1508965441119584,-8,-14,-5,-7,-26,-4,-3,-9
1508965441121552,4,12,15,20,12,-4,0,1
1508965441121552,-4,0,-9,3,1,-2,-3,-3
1508965441142732,-7,-21,-12,-10,-13,-5,-1,-1
1508965441142732,4,19,-3,-2,-7,1,-3,-1
1508965441143735,20,71,23,-10,1,-1,5,9
1508965441143735,-6,-28,-13,-4,1,1,-2,-2
1508965441155911,-2,23,1,22,8,6,3,-3
1508965441155911,-2,-10,-5,10,48,9,3,0
1508965441164794,0,18,5,3,-34,-2,-6,-4
1508965441164794,6,5,0,-23,-20,-9,1,2
1508965441180024,2,-8,-7,6,2,-7,-5,-2
1508965441180024,-3,-17,-3,-9,-13,-1,-1,-2
1508965441181046,-9,-16,-3,6,52,8,1,-3
1508965441181046,10,13,2,-2,-14,3,2,4
1508965441202111,14,2,3,-4,-33,-2,2,6
1508965441202111,-16,-46,-17,-8,-4,-5,-2,-9
1508965441204072,-3,-4,3,4,8,1,-5,-6
1508965441204072,5,-16,-5,-5,73,0,5,10
1508965441216142,-92,-5,2,23,-69,1,-6,-23
1508965441216142,24,26,13,14,0,3,3,1
1508965441225128,-22,24,1,-23,-19,-5,-1,-5
1508965441225128,-44,-65,-20,-1,6,2,-8,-17
1508965441239299,34,-4,-7,-27,72,-3,2,14
1508965441239299,-4,25,4,0,-81,-2,0,7
1508965441241270,12,-28,-8,10,-1,-1,1,0
1508965441241270,30,58,14,7,7,0,3,8
1508965441262355,-13,-52,-29,-33,-1,-4,-6,-7
1508965441262355,16,6,12,33,21,8,3,5
1508965441263329,62,77,28,18,18,8,11,22
1508965441263329,-62,-63,-30,-4,-23,-8,-9,-26
1508965441276362,-2,-3,-7,-14,-2,-2,-5,-8
1508965441276362,30,21,-5,-32,-1,-9,-4,4
1508965441284523,-28,1,13,13,-42,-1,4,3
1508965441284523,9,100,25,23,15,4,2,2
1508965441299640,-44,28,13,0,5,3,1,-1
1508965441299640,-7,11,-8,-16,20,-3,-5,-8
1508965441301621,-2,-74,-21,-3,8,3,-5,-3
1508965441301621,40,42,12,24,-17,3,3,11
1508965441322680,34,-11,10,9,-11,1,6,6
1508965441322680,-4,-16,-7,-15,-7,-12,0,5
1508965441323685,-25,-25,-15,-33,-16,-2,-10,-14
1508965441323685,31,3,12,20,23,5,1,4
1508965441335758,28,-10,6,27,23,6,-3,1
1508965441335758,3,8,10,12,4,-1,4,8
1508965441344738,-4,0,-8,-14,-7,-3,-1,-2
1508965441344738,-66,-116,-65,-38,-7,-6,-7,-21
1508965441360781,21,30,-6,-14,-26,-11,0,3
1508965441360781,-28,-5,-8,-18,-7,-6,-13,-18
1508965441362784,14,11,0,22,16,-4,2,0
1508965441362784,-8,-4,14,-10,-41,-2,-5,3
1508965441381878,13,-12,12,45,53,16,9,4
1508965441381878,-4,-1,-9,-17,-12,-4,-4,2
1508965441383840,10,1,-6,-17,-9,-7,-7,-6
1508965441383840,-17,-5,-6,-13,-14,-11,-4,-5
1508965441395915,9,5,-1,-19,-11,2,-2,-5
1508965441395915,-1,-3,11,13,11,4,4,4
1508965441404913,0,18,3,6,-14,-17,-3,4
1508965441404913,8,2,13,24,17,10,10,0
1508965441419939,-3,-3,-16,-41,5,-6,-5,-1
1508965441419939,-3,-3,0,10,-16,-13,2,0
1508965441420942,-7,3,16,15,-6,3,2,3
1508965441420942,17,40,9,-8,0,0,-2,3
1508965441441998,-12,-28,5,10,10,-3,-4,-5
1508965441441998,-5,-22,-30,-33,-18,-12,-6,-3
1508965441444001,-3,8,-8,-7,-3,3,-2,-5
1508965441444001,16,1,17,24,15,11,9,7
1508965441465055,-7,13,-14,-2,-11,-17,-8,-7
1508965441465055,-2,14,6,7,0,11,13,5
1508965441466058,-7,-3,-12,-17,-11,-3,-12,-6
1508965441466058,19,27,7,-6,-1,5,9,9
1508965441480095,-14,10,9,8,8,-7,-6,-6
1508965441480095,2,-13,24,11,-6,5,3,1
1508965441481098,-6,-11,-17,-13,-11,-5,-2,0
1508965441481098,2,3,9,16,16,15,9,-1
1508965441501151,7,-2,-5,-1,-6,-3,8,13
1508965441501151,-4,5,14,-2,16,-3,5,-8
1508965441518196,-11,-9,0,-5,3,4,-20,-19
1508965441518196,2,5,-1,-4,1,-3,-3,-3
1508965441518196,9,4,3,12,-7,5,17,14
1508965441518196,-4,-3,0,-2,3,-8,-29,-15
1508965441525215,-7,-5,0,7,13,11,13,-1
1508965441525215,0,-30,-16,-21,-13,-13,24,16
1508965441539253,-2,18,0,-5,-4,-1,-15,-11
1508965441539253,-8,4,8,8,6,2,-39,-28
1508965441541258,-3,-10,2,-4,-15,-16,-23,-17
1508965441541258,-1,2,-10,-2,-22,-10,-22,-13
1508965441564318,-1,-11,7,4,15,19,46,21
1508965441564318,4,5,-14,8,8,16,14,13
1508965441565321,3,2,-16,-16,10,4,10,9
1508965441565321,10,7,5,-11,-6,4,9,4
1508965441576416,-6,-4,-1,-12,-21,-13,-20,-7
1508965441576416,-13,-12,-12,8,21,14,13,1
1508965441592394,9,7,10,23,-3,0,6,5
1508965441592394,3,-2,-7,-20,-4,-12,-2,3
1508965441599483,2,4,-2,-15,-19,-1,-9,-7
1508965441599483,6,-8,-15,-2,4,9,1,0
1508965441601418,-28,-6,6,20,20,11,21,14
1508965441601418,4,0,-1,-1,9,-9,-34,-15
1508965441630495,12,5,3,12,1,-5,-11,-14
1508965441630495,2,2,0,-7,-17,-15,17,16
1508965441637517,-37,4,6,-14,1,16,-7,-6
1508965441637517,25,7,-1,12,-3,-9,1,-3
1508965441638517,-61,-13,7,7,21,6,-14,-13
1508965441638517,-9,-6,-11,-10,12,0,10,2
1508965441644533,21,2,-10,-19,-7,-2,8,7
1508965441644533,-1,9,-6,-12,15,-2,-4,-1
1508965441658573,18,12,11,5,-20,1,6,3
1508965441658573,7,-1,0,39,25,3,1,1
1508965441673795,3,-7,-4,-11,-16,-12,-13,-5
1508965441673795,-11,-1,-10,-8,6,10,-5,-1
1508965441682633,22,-3,-6,1,0,3,10,7
1508965441682633,19,13,-5,-22,-28,-18,-5,7
1508965441683644,-26,1,4,15,13,1,-1,-14
1508965441683644,1,1,13,23,4,6,13,8
1508965441696723,-18,-2,-15,-26,-7,-11,-16,-13
1508965441696723,60,6,13,26,0,8,14,17
1508965441704803,-55,-13,3,-28,-17,-5,3,-6
1508965441704803,18,-9,-21,-21,-2,2,-4,3
1508965441718965,-33,-3,7,30,9,4,-9,-8
1508965441718965,-10,-3,-2,1,-10,-12,0,-5
1508965441725844,37,8,8,30,-15,1,10,8
1508965441725844,-19,5,14,4,1,1,-30,-11
1508965441741892,19,-10,9,-53,-2,-4,0,-1
1508965441741892,-13,0,-35,-38,-20,3,-15,-8
1508965441743914,7,-2,2,9,27,-1,7,2
1508965441743914,-14,13,12,-6,-34,-6,10,-6
1508965441756071,25,4,8,39,-3,-1,14,16
1508965441756071,-17,-5,14,37,26,8,3,-3
1508965441764984,7,-2,-28,-69,9,-2,-1,1
1508965441764984,14,-3,-2,0,-30,-10,24,8
1508965441779031,40,29,9,32,-7,23,4,2
1508965441779031,-58,11,24,12,-40,-25,-58,-39
1508965441795045,-18,-33,-21,24,88,35,-11,-32
1508965441795045,-2,-11,-19,-3,-11,-13,-32,0
1508965441802091,-45,-7,-20,34,-12,-18,45,15
1508965441802091,69,8,-7,-61,15,23,2,-5
1508965441804053,-11,18,25,-7,-37,-1,8,23
1508965441804053,-57,-27,-4,1,-13,-22,-59,-31
1508965441825135,40,18,38,6,12,12,-1,6
1508965441825135,25,-20,-91,-26,33,2,21,26
1508965441826138,-41,-16,36,7,-40,-23,-16,-23
1508965441826138,59,20,-2,-42,6,24,75,45
1508965441839181,-25,5,18,-24,7,-1,-19,1
1508965441839181,9,-6,-22,33,61,-10,-22,6
1508965441846168,46,-4,-8,-7,-30,-9,-15,-1
1508965441846168,-22,-10,15,75,3,22,-7,-24
1508965441862248,-17,-6,-16,-39,14,-9,-23,-13
1508965441862248,-42,-42,9,-3,64,15,41,-3
1508965441864216,103,28,-17,-22,-25,-2,-36,25
1508965441864216,-74,-34,-12,-33,6,-4,7,-12
1508965441885286,93,30,-5,-17,-77,-1,88,53
1508965441885286,-55,9,44,58,44,-20,-112,-98
1508965441886274,-15,-39,25,2,-15,-17,-54,-20
1508965441886274,32,26,0,-21,-65,-7,14,-1
1508965441899346,27,20,-29,-46,16,27,29,12
1508965441899346,-56,-32,-3,63,24,1,54,46
1508965441907350,-24,32,20,40,17,-4,-11,-14
1508965441907350,104,53,57,70,-27,8,9,21
1508965441922367,-69,-45,-92,27,53,6,7,-15
1508965441922367,48,62,-5,-32,-41,1,-32,11
1508965441923371,-88,-52,-40,22,43,13,18,-3
1508965441923371,-10,-30,7,-8,-17,-11,-11,3
1508965441944566,85,41,63,-38,-12,11,80,59
1508965441944566,-17,7,27,-28,-66,-10,1,-17
1508965441946433,47,9,-14,8,-8,-19,-47,-43
1508965441946433,-14,21,21,-42,-7,8,13,5
1508965441959525,-113,-42,24,48,-42,-26,-92,-64
1508965441959525,45,27,-1,-17,51,-2,18,26
1508965441967556,0,5,-15,-52,-44,-11,24,7
1508965441967556,-33,-20,6,54,25,27,61,15
1508965441980602,34,34,-12,43,-18,-26,-74,-31
1508965441980602,79,42,69,19,-68,10,32,6
1508965441989605,-36,-11,-18,46,-12,-9,-27,-12
1508965441989605,57,-4,30,-23,-16,-2,17,46
1508965442004789,-50,-76,-35,-39,38,20,-12,-9
1508965442004789,-57,-21,-9,-38,-53,-17,22,14
1508965442006657,127,32,4,-52,28,26,65,30
1508965442006657,-55,20,-26,-34,-43,-34,-61,-42
1508965442027074,-14,-37,0,32,64,6,-20,-6
1508965442027074,99,11,-11,-49,-5,44,82,55
1508965442028940,-73,-34,-27,-28,-1,-40,-59,-59
1508965442028940,37,-30,0,-12,-19,-6,25,5
1508965442041112,-30,3,14,-2,20,-12,-6,-15
1508965442041112,-27,17,17,-9,-20,-2,6,-19
1508965442050028,-37,19,2,-37,12,43,115,72
1508965442050028,-6,17,-17,-43,32,-5,-50,-3
1508965442065036,48,8,15,51,-75,-34,-62,-39
1508965442065036,39,15,13,4,64,32,36,36
1508965442066038,-83,5,12,-19,-56,-11,26,8
1508965442066038,3,23,-4,-24,52,14,-30,0
1508965442087129,21,18,6,25,-6,-3,17,34
1508965442087129,-14,-49,-15,46,42,3,6,2
1508965442089099,20,-20,-1,21,14,6,13,1
1508965442089099,-31,-9,5,13,-4,-6,-6,-42
1508965442101169,23,37,-8,-56,-7,19,50,34
1508965442101169,-97,-38,-11,23,-40,1,6,-19
1508965442117174,102,12,12,104,44,-14,-63,2
1508965442117174,-7,-27,-16,-10,16,8,33,6
1508965442124367,56,30,18,29,-18,17,-9,-4
1508965442124367,-40,-18,0,39,9,-26,45,24
1508965442126318,34,18,43,-23,9,19,12,-11
1508965442126318,-29,32,-14,-83,-26,-12,-7,-5
1508965442147548,-72,-79,-44,21,84,-10,-9,-27
1508965442147548,127,47,16,-74,-85,-6,-3,17
1508965442148507,-116,-12,-3,-5,0,-8,18,-15
1508965442148507,35,-36,-10,26,37,4,-33,-14
1508965442160580,3,18,15,-18,-4,6,24,4
1508965442160580,36,-14,-20,-24,-14,2,14,14
1508965442169587,-40,16,9,31,-34,11,76,36
1508965442169587,31,-36,10,26,22,-20,-40,-52
1508965442184645,30,30,-10,-57,-3,4,28,-6
1508965442184645,-46,-27,9,19,-44,-24,-27,-4
1508965442186609,-42,-60,-71,-9,39,16,34,-8
1508965442186609,28,14,-16,-51,-96,-21,-28,0
1508965442207689,47,72,61,42,24,4,21,36
1508965442207689,-16,-99,-47,-35,9,-33,-83,-56
1508965442208667,58,66,51,-36,-56,-8,0,14
1508965442208667,-28,-26,-25,8,3,-8,31,16
1508965442220745,-5,-41,-38,-16,45,7,-50,-33
1508965442220745,-14,-13,-13,-41,-4,4,2,7
1508965442229723,2,16,10,63,2,-3,-9,9
1508965442229723,17,38,13,68,48,19,1,5
1508965442244809,-91,-53,-19,-59,-2,-5,31,-9
1508965442244809,44,41,20,-18,-26,-6,-37,-30
1508965442246769,-6,-36,-21,-31,6,7,-14,15
1508965442246769,35,67,15,56,30,14,13,15
1508965442267086,14,-8,10,-10,-28,-20,-17,-3
1508965442267086,-34,-4,-16,8,17,2,9,-1
1508965442268951,66,35,11,-51,-25,14,11,1
1508965442268951,-54,-47,-31,78,74,-4,22,5
1508965442281334,-75,-20,-6,-33,-70,-21,-23,-18
1508965442281334,-32,20,10,49,3,7,-2,-16
1508965442290192,77,-53,4,-10,57,1,-18,12
1508965442290192,6,58,-12,-8,-2,43,90,30
1508965442304261,29,-32,-19,14,-23,-43,-79,-24
1508965442304261,-52,9,2,-24,-13,-1,29,-4
1508965442306233,-65,-9,-3,18,-25,-23,-52,-37
1508965442306233,27,-59,40,-66,31,6,-8,-10
1508965442327449,34,0,-7,-10,-8,4,32,7
1508965442327449,10,21,21,-27,-8,16,25,5
1508965442328293,35,23,-2,-11,-44,-17,23,16
1508965442328293,-33,14,-22,36,2,-8,-60,-7
1508965442349348,-4,-7,49,-37,-24,-20,12,-7
1508965442349348,27,-24,-87,86,49,8,-42,0
1508965442351354,30,-3,41,-53,-32,5,26,0
1508965442351354,-26,-14,-26,-22,-4,-12,11,-3
1508965442364513,30,18,13,10,62,26,9,33
1508965442364513,-35,-24,-50,-78,11,-3,-11,-17
1508965442366397,28,27,18,19,24,-3,30,0
1508965442366397,-53,-25,-21,-9,-34,-10,-60,-19
1508965442386785,49,-15,-6,5,-17,-2,18,9
1508965442386785,-85,25,46,-29,-46,-35,-66,-63
1508965442394677,55,-39,-38,24,-1,1,-6,23
1508965442394677,-67,-11,7,10,2,6,25,-17
1508965442409714,-12,16,-1,-88,-31,-5,-4,0
1508965442409714,63,19,-14,83,58,38,42,39
1508965442411716,-41,22,42,-19,-20,-26,7,18
1508965442411716,6,-11,23,56,-39,-14,-17,-28
1508965442423918,7,6,-11,32,28,18,0,9
1508965442423918,40,23,26,-82,-37,6,40,24
1508965442430935,-59,-77,-93,32,-4,-24,-53,-43
1508965442430935,16,88,95,10,-54,-18,2,8
1508965442446926,-29,-6,-44,-21,32,16,-5,-6
1508965442446926,19,17,27,-28,-38,-5,10,-5
1508965442448818,25,11,12,22,5,9,68,37
1508965442448818,-24,-11,-30,-18,-28,-22,-89,-44
1508965442470015,-31,-6,-5,26,14,17,52,-9
1508965442470015,43,8,10,8,6,-4,-84,-14
1508965442470976,-66,-48,11,15,9,-37,-38,-21
1508965442470976,55,1,-20,-20,5,21,62,27
1508965442484055,8,25,12,5,-4,-1,11,-4
1508965442484055,0,-36,-17,-10,-11,-4,-22,0
1508965442491077,29,36,-7,-2,23,23,11,4
1508965442491077,-21,-20,5,25,25,-4,15,6
1508965442507075,0,-16,10,-10,-58,-16,-22,3
1508965442507075,-51,16,-27,82,70,13,26,2
1508965442513111,41,-28,10,-3,-5,-5,-31,-19
1508965442513111,-4,-10,26,-24,12,11,39,14
1508965442530137,19,33,-6,-5,-28,0,-27,-11
1508965442530137,-26,-60,-10,28,10,-9,14,-2
1508965442531137,64,60,6,-3,4,13,-34,-3
1508965442531137,3,19,1,-17,8,4,57,31
1508965442544219,-59,-45,-20,37,14,-3,-61,-47
1508965442544219,27,9,6,-58,-57,-8,7,8
1508965442551226,-8,16,-20,32,86,28,22,6
1508965442551226,46,17,0,-26,-23,1,36,28
1508965442575281,-33,-53,-70,20,18,-8,-21,-15
1508965442575281,-26,4,46,44,5,2,2,-5
1508965442576255,-14,15,0,-6,-25,-4,-4,-5
1508965442576255,13,7,-11,-11,2,-3,-11,1
1508965442589563,40,32,-4,4,8,4,33,32
1508965442589563,-18,-9,1,-13,-6,-14,-19,-13
1508965442591411,-8,10,-2,-5,-17,-14,-17,-4
1508965442591411,35,17,-4,20,40,-27,7,9
1508965442603442,-2,-67,-8,-13,-23,92,20,26
1508965442603442,-29,7,-5,14,13,-13,24,-42
1508965442629512,-2,16,15,-5,-10,29,-6,26
1508965442629512,10,1,-23,-9,-2,-90,-52,14
1508965442630561,0,11,43,17,32,64,44,19
1508965442630561,13,1,-7,-18,-9,-35,-14,43
1508965442633571,-21,-38,-13,6,14,43,12,-31
1508965442633571,-5,22,19,23,14,-35,-12,13
1508965442649610,20,6,-29,-13,-23,-36,7,13
1508965442649610,17,8,27,-5,-1,-4,-7,3
1508965442651594,-16,54,-35,-30,-14,-40,2,-8
1508965442651594,6,-51,-15,-4,-2,35,-20,-21
1508965442663746,-5,50,4,11,-12,-51,6,-32
1508965442663746,21,-6,22,19,7,75,-14,-4
1508965442672751,-16,-36,43,-22,-4,-45,-11,0
1508965442672751,-14,-17,-33,-35,-15,6,4,-17
1508965442686833,-2,-4,6,-3,10,-22,2,23
1508965442686833,-4,5,22,9,-5,-31,-1,-17
1508965442688794,22,-4,-17,3,-5,4,17,-2
1508965442688794,29,1,17,28,13,26,-39,-7
1508965442709894,-35,-13,-36,-27,-22,-47,0,-9
1508965442709894,-2,-24,-6,-5,4,8,8,10
1508965442710877,-5,16,3,-2,-15,10,5,0
1508965442710877,1,11,15,0,2,7,16,-11
1508965442739975,17,5,20,2,-3,-1,-14,12
1508965442739975,-3,-6,-5,1,4,8,10,8
1508965442740959,-4,0,-4,6,13,-2,-2,-1
1508965442740959,-25,-22,-21,-11,-2,8,6,9
1508965442746952,7,4,29,10,4,8,-8,-11
1508965442746952,-9,0,-41,-19,-13,-13,-6,-4
1508965442748957,0,10,34,4,-3,-3,1,6
1508965442748957,-5,-11,-6,-3,7,14,2,7
1508965442770075,-1,-5,19,9,1,0,-6,-16
1508965442770075,1,7,-5,-6,-1,-12,9,6
1508965442771057,0,-12,-18,-2,-5,2,-7,15
1508965442771057,10,31,18,7,4,14,7,-11
1508965442783099,-4,0,-34,-8,-2,-11,-8,1
1508965442783099,4,4,6,9,11,3,6,0
1508965442792070,-7,-10,-22,-14,-12,1,2,-4
1508965442792070,-1,-22,-6,5,0,6,-8,-13
1508965442808149,10,17,30,6,-3,-11,4,23
1508965442808149,-7,-7,-18,-6,-4,-2,1,-3
1508965442810119,2,-4,4,-3,2,4,-4,-2
1508965442810119,-8,-14,-8,9,10,4,8,-2
1508965442830173,1,1,9,10,-3,-3,-6,-10
1508965442830173,2,-2,13,2,4,1,0,9
1508965442831175,1,3,-4,-4,-2,-1,1,5
1508965442831175,-8,-9,-15,-20,-13,-1,-5,-20
1508965442853311,-1,1,4,8,8,2,-2,-6
1508965442853311,-2,13,14,-11,-2,-3,3,9
1508965442858430,5,0,-6,-5,-3,-6,-11,13
1508965442858430,-13,-20,-14,0,-3,0,11,-20
1508965442867694,1,-12,10,-1,-2,-3,-1,7
1508965442867694,-5,5,-7,-5,-3,-3,-7,-16
1508965442868553,2,10,-1,0,-3,0,1,10
1508965442868553,-6,8,-2,2,2,3,-3,5
1508965442888646,1,2,-23,-10,-5,-4,-7,-10
1508965442888646,-5,6,7,-4,-2,0,7,5
1508965442905650,6,18,11,22,22,6,-4,-7
1508965442905650,6,3,-9,2,9,2,-2,4
1508965442906653,2,8,-3,-31,7,-25,-13,-8
1508965442906653,0,4,17,0,-53,24,9,1
1508965442912670,6,-3,20,42,28,-1,7,-6
1508965442912670,10,-3,9,17,6,0,2,6
1508965442927732,-3,-27,-16,-10,3,-5,-4,2
1508965442927732,2,-13,-20,-29,-7,-15,-11,-3
1508965442928720,-5,-8,-10,-16,-18,3,4,1
1508965442928720,-12,-14,12,-3,-1,4,0,-9
1508965442949849,-12,-7,-20,4,-9,-1,-14,-20
1508965442949849,0,-16,-12,3,11,-1,10,25
1508965442951768,-9,-14,-1,-9,-15,-3,-17,-36
1508965442951768,1,-3,-4,-7,1,-6,-8,8
1508965442963832,0,7,15,12,10,14,13,-3
1508965442963832,-4,-4,-13,2,9,-1,1,-2
1508965442971822,-3,4,-3,2,-4,-15,-29,2
1508965442971822,-2,4,-14,-50,-31,-9,37,8
1508965442987122,0,13,30,28,13,19,-19,-2
1508965442987122,4,2,-30,14,17,1,32,16
1508965442988978,-9,4,6,-4,-5,-3,1,-10
1508965442988978,-6,-4,2,-15,-16,-11,-19,-5
1508965443017215,4,9,22,-7,-6,1,9,9
1508965443017215,9,18,0,12,19,-1,-8,10
1508965443019175,-16,-29,-26,-13,-13,-3,-1,-23
1508965443019175,5,-8,1,4,-3,-8,-3,11
1508965443023233,5,9,12,6,0,4,-13,8
1508965443023233,-7,-2,7,-10,-11,-7,-10,-13
1508965443032228,-5,-8,2,-27,-13,-3,8,-1
1508965443032228,3,6,8,35,25,17,4,2
1508965443047296,4,-6,-11,6,8,1,12,5
1508965443047296,5,8,4,14,3,-1,-1,-5
1508965443049255,-2,-9,3,-32,-25,-15,-7,7
1508965443049255,-9,-6,-13,-9,1,0,-16,-25
1508965443069352,9,14,23,47,12,19,16,8
1508965443069352,4,-3,1,2,16,-2,-1,5
1508965443071313,-3,12,-3,3,-11,2,24,-7
1508965443071313,-3,-7,-10,-7,-8,-7,-8,11
1508965443083389,-6,-13,-16,-18,-10,-9,-6,16
1508965443083389,-13,-2,32,-1,-2,-6,-3,-54
1508965443092368,9,-2,-16,0,9,17,4,15
1508965443092368,-5,-1,-1,2,1,0,7,0
1508965443107558,0,4,16,-4,-1,-4,-4,-6
1508965443107558,8,-6,-9,21,8,-2,-7,15
1508965443108413,-3,4,-4,-32,-9,-7,-7,-8
1508965443108413,-5,-13,-18,-13,-7,3,-1,-8
1508965443129529,11,17,31,9,8,-24,-60,5
1508965443129529,10,-5,12,16,7,-8,55,29
1508965443131473,-11,-5,-15,8,11,57,76,-16
1508965443131473,14,9,4,-21,-16,26,88,64
1508965443143505,-20,-17,-19,-10,-12,-30,-25,-55
1508965443143505,-13,4,9,0,-4,9,0,-23
1508965443152529,6,-9,-12,16,11,-2,3,26
1508965443152529,-13,-6,0,4,-1,-28,-81,-20
1508965443167705,-3,-10,3,-19,-10,6,43,5
1508965443167705,-12,24,-3,-9,-11,-49,-125,-29
1508965443173738,10,2,-26,17,10,34,67,8
1508965443173738,-4,-2,-18,-3,0,-8,-12,2
1508965443189786,14,-9,-16,-17,-6,-6,-7,36
1508965443189786,-7,-6,1,-8,-3,9,-12,-11
1508965443191634,-6,-5,-12,8,4,-16,-35,-21
1508965443191634,12,19,32,16,6,3,-1,5
1508965443211719,-3,-2,-21,0,-6,7,7,1
1508965443211719,2,-12,-5,-14,-1,15,28,13
1508965443213699,0,13,21,20,10,-35,-46,24
1508965443213699,-23,-7,6,-8,0,31,33,-54
1508965443226872,-2,-3,-14,-6,-7,-15,-22,1
1508965443226872,-8,-9,-12,-12,-9,7,-10,-20
1508965443240904,3,1,25,12,4,-7,-1,4
1508965443240904,7,7,10,10,1,-16,-40,11
1508965443249947,-4,-1,-19,-5,-4,17,55,29
1508965443249947,14,-6,-32,-5,3,4,8,13
1508965443251794,-14,3,-3,-2,-4,-11,-40,-42
1508965443251794,-6,-1,4,10,2,-1,12,-19
1508965443272005,-2,1,-5,-10,-8,0,0,7
1508965443272005,0,1,15,-1,-5,-3,10,10
1508965443273856,8,10,34,2,2,-1,3,20
1508965443273856,0,-18,-50,1,-1,-1,-4,-13
1508965443286891,3,-4,-34,-8,-1,-2,-2,-6
1508965443286891,-6,-17,-12,-17,-7,3,4,10
1508965443292903,-18,0,18,-6,-1,0,-21,3
1508965443292903,15,20,19,34,15,-3,-10,-40
1508965443310101,-7,-3,21,0,1,14,24,-31
1508965443310101,-3,4,3,-6,-6,14,29,-22
1508965443310978,22,19,42,2,-4,-26,-14,36
1508965443310978,12,-9,-65,-15,-5,22,-6,23
1508965443332132,-12,-23,-17,-13,-6,-11,7,9
1508965443332132,2,5,8,-1,-1,-9,-18,-38
1508965443334012,22,5,13,3,5,10,19,80
1508965443334012,-18,5,20,4,2,-8,-14,-43
1508965443347050,5,6,14,9,2,2,0,8
1508965443347050,-2,-1,8,-7,-4,-4,-2,22
1508965443353237,2,2,-7,0,0,0,-2,-2
1508965443353237,4,-9,-7,-1,1,-3,9,22
1508965443369291,-2,-5,-14,-2,-2,2,-4,-15
1508965443369291,-3,2,15,5,2,-4,-5,4
1508965443371275,-2,-5,-14,-1,-4,3,-1,-29
1508965443371275,1,2,13,-3,0,-1,8,16
1508965443392323,0,2,10,1,-1,-3,-10,-16
1508965443392323,5,2,2,6,3,3,7,20
1508965443398339,0,-7,-22,-6,-3,-1,-3,-19
1508965443398339,-2,5,12,-3,1,-1,5,11
1508965443406360,-1,-4,2,2,0,-1,-3,8
1508965443406360,4,-1,-9,-1,-3,-3,-10,-9
1508965443413406,4,-7,-14,-6,-2,2,3,19
1508965443413406,-11,1,17,-1,-2,-9,-17,-26
1508965443429422,-6,5,9,6,2,2,0,-10
1508965443429422,0,1,-5,0,0,1,7,7
1508965443431439,-8,0,1,-6,-3,-3,-10,-22
1508965443431439,10,5,11,3,2,-1,6,24
1508965443451481,3,-7,3,2,2,2,2,-2
1508965443451481,-5,7,-9,-4,-3,-3,-4,-3
1508965443459516,-7,10,-7,-3,0,0,-3,-8
1508965443459516,-3,-39,-4,0,-5,-1,5,12
1508965443466521,2,18,0,-2,-3,-1,-3,-6
1508965443466521,17,69,22,7,4,2,5,13
1508965443473540,-44,-96,-39,-10,-4,0,-4,-36
1508965443473540,6,41,15,-2,-2,-1,-4,-10
1508965443489582,8,30,0,-2,-1,-4,-4,-1
1508965443489582,61,89,58,14,7,8,11,27
1508965443491588,-93,-79,-91,-25,-15,-13,-18,-44
1508965443491588,7,53,-11,6,5,2,2,16
1508965443512648,9,20,18,-10,-9,-5,-5,-6
1508965443512648,37,74,16,3,0,2,8,8
1508965443514649,28,-4,21,5,2,2,0,10
1508965443514649,-26,-38,-22,-9,-5,-4,-3,-7
1508965443525680,-9,8,-9,5,6,4,0,-3
1508965443525680,-14,-46,-11,-4,0,-4,-3,-1
1508965443534702,42,57,33,7,1,0,4,12
1508965443534702,12,-8,6,-2,-2,0,8,28
1508965443549745,-1,-16,0,3,3,3,9,-9
1508965443549745,-13,-37,-16,-7,-4,-3,-4,1
1508965443550747,11,7,14,4,3,4,0,14
1508965443550747,7,49,20,2,2,0,2,-25
1508965443571801,-56,-102,-49,-9,-7,-7,-13,-17
1508965443571801,-18,17,-19,-3,0,-3,-4,-6
1508965443573806,3,47,3,-3,-1,-1,-2,4
1508965443573806,24,82,15,5,2,1,4,9
1508965443585838,22,31,11,6,4,4,9,7
1508965443585838,-26,-48,-21,-9,-8,-6,-18,-15
1508965443594865,5,-5,7,1,-1,-4,0,2
1508965443594865,14,0,9,1,-2,-1,0,9
1508965443609902,11,16,4,3,-1,0,1,6
1508965443609902,-16,-42,-16,-3,0,2,4,3
1508965443622939,21,55,16,2,1,1,4,-3
1508965443622939,-9,-67,-11,0,-1,-1,10,30
1508965443631962,-9,-1,-21,-3,-1,-2,-10,-23
1508965443631962,-4,-23,-2,-2,-2,0,1,-2
1508965443633966,0,-1,2,-3,-2,-3,-4,-13
1508965443633966,-1,-5,-1,-1,0,1,4,5
1508965443646046,0,-6,1,-2,-2,-2,-2,9
1508965443646046,0,4,0,0,-4,0,-1,-5
1508965443655023,5,15,8,2,0,1,5,-6
1508965443655023,-9,-19,-2,-1,1,0,-2,-8
1508965443670092,23,15,12,0,-1,-1,-1,17
1508965443670092,-21,-11,-15,-3,0,-3,-11,-31
1508965443671066,0,-2,4,-3,-2,-2,0,7
1508965443671066,-15,-25,-10,-5,-3,0,-7,-15
1508965443692167,4,17,11,1,-1,-1,0,-2
1508965443692167,-2,-9,-1,3,1,1,6,12
1508965443694127,0,-3,-5,1,0,0,-1,-5
1508965443694127,8,20,2,0,-3,-3,-4,-1
1508965443706439,11,33,15,3,4,1,7,6
1508965443706439,-2,20,3,2,0,1,0,4
1508965443714564,-17,-28,-7,-2,0,4,13,32
1508965443714564,-12,-21,-14,-8,-5,-6,-20,-48
1508965443737715,-6,-3,2,-2,-3,-1,-2,-4
1508965443737715,-1,-7,-2,0,0,-2,-1,-1
1508965443738569,6,17,10,2,2,-1,0,-2
1508965443738569,-7,-14,-5,0,2,3,5,14
1508965443759769,-3,0,3,0,-1,0,-1,0
1508965443759769,-3,-20,-9,-4,-3,0,-2,-5
1508965443761656,7,22,-3,2,0,-1,-4,-9
1508965443761656,-4,35,18,0,0,-3,-3,-13
1508965443765785,-6,-25,-14,-5,-4,-2,-3,-9
1508965443765785,-1,3,6,-2,-2,-4,-2,9
1508965443780808,5,0,-6,-1,-1,1,-1,8
1508965443780808,-6,5,0,-2,-3,-4,-3,-21
1508965443789857,-4,6,4,1,3,3,4,4
1508965443789857,-3,-4,-9,-2,-1,0,1,-4
1508965443797726,7,3,5,2,-1,-2,-3,0
1508965443797726,12,74,5,0,0,0,2,15
1508965443812785,2,7,17,3,3,1,3,7
1508965443812785,-15,-49,-25,-7,-7,-4,-2,6
1508965443813772,-2,19,9,-3,1,-2,-6,-42
1508965443813772,6,-10,-3,-3,-2,0,3,30
1508965443834967,3,27,4,2,0,-1,-4,-8
1508965443834967,4,9,3,-1,0,0,1,10
1508965443835828,-4,1,-2,1,-2,-1,0,-6
1508965443835828,-1,-17,0,2,-1,0,1,3
1508965443849176,-3,-8,-10,-1,-2,-1,-1,1
1508965443849176,-9,-69,-7,-2,-1,-1,-4,-13
1508965443873258,1,-11,-6,-1,-2,-1,0,4
1508965443873258,2,-13,-1,-1,1,0,-1,-2
1508965443874111,-1,-19,-5,1,-1,-1,-1,4
1508965443874111,3,25,11,2,3,1,1,-6
1508965443875105,-1,-8,-6,-2,-2,-1,-3,-1
1508965443875105,0,-9,0,0,-1,-1,1,6
1508965443895182,6,8,-1,0,1,-2,-1,0
1508965443895182,11,35,13,4,2,3,5,3
1508965443896161,-5,28,-3,0,-1,-1,-4,20
1508965443896161,-12,-20,-11,-7,-8,-3,-1,-6
1508965443910237,0,-6,-3,-4,-1,-3,-5,-8
1508965443910237,-2,13,4,0,-1,0,-2,-6
1508965443911206,5,2,2,1,-1,-1,3,6
1508965443911206,1,-12,-4,2,0,0,0,4
1508965443932257,-7,0,-4,-3,-1,0,-1,-1
1508965443932257,0,1,0,-1,1,0,-1,3
1508965443934262,10,22,3,-1,0,0,2,-4
1508965443934262,-17,-21,-2,-1,0,-1,3,5
1508965443962482,6,-29,-40,-7,-7,-4,-14,-22
1508965443962482,0,5,3,-1,-1,-3,-1,0
1508965443963342,-3,-10,0,-3,-2,-2,-3,-4
1508965443963342,4,12,4,0,1,-1,-1,-2
1508965443969502,-1,10,14,3,3,2,5,10
1508965443969502,-1,-1,-5,0,-1,0,0,-2
1508965443977378,-2,-11,-6,-1,-2,-3,-5,-7
1508965443977378,6,-5,2,-1,1,-1,0,3
1508965443992461,-4,-3,4,-2,-2,-2,0,3
1508965443992461,2,-13,-4,-2,-1,-1,-2,-4
1508965443993444,-4,-8,6,0,0,0,-1,-5
1508965443993444,-2,-17,-3,-2,0,0,-2,-1
1508965444014516,0,4,-11,-3,-3,-3,-6,-1
1508965444014516,-1,-13,2,-3,-1,-2,-1,12
1508965444016503,-10,2,3,0,-1,0,-1,-24
1508965444016503,-16,-49,-10,-2,-1,-3,-2,-8
1508965444029789,4,24,12,0,-1,-1,2,8
1508965444029789,-3,-9,-8,-2,-3,-2,-3,-5
1508965444031759,-11,-61,-9,-3,-2,-2,-2,0
1508965444031759,6,26,-5,-2,-1,-2,-1,-1
1508965444052816,-3,-7,7,-1,0,1,3,5
1508965444052816,-6,0,-4,0,-1,0,-2,-5
1508965444053852,5,15,4,2,1,1,1,3
1508965444053852,-3,-21,-4,0,-2,-1,0,-3
1508965444065850,-1,-17,-1,0,-2,-1,1,6
1508965444065850,4,16,-1,0,-1,-1,1,0
